<?xml version="1.0" encoding="UTF-8"?>
<!DOCTYPE configuration PUBLIC "-//mybatis.org//DTD Config 3.0//EN"
        "http://mybatis.org/dtd/mybatis-3-config.dtd">
<configuration>
    <typeAliases>
        <typeAlias type="org.zerock.dto.EvenNotiBoardDTO" alias="board"></typeAlias>
 		<typeAlias type="org.zerock.dto.EvenNotiReplyDTO" alias="reply"></typeAlias>
 		<typeAlias type="org.zerock.dto.MemberDTO" alias="member"></typeAlias>
 		<typeAlias type="org.zerock.dto.SearchDTO" alias="search"></typeAlias>
 		<typeAlias type="org.zerock.dto.PaymentDTO" alias="payment"></typeAlias>
    </typeAliases>
</configuration>