<?xml version="1.0" encoding="UTF-8"?>
<beans xmlns="http://www.springframework.org/schema/beans"
	xmlns:xsi="http://www.w3.org/2001/XMLSchema-instance"
	xmlns:context="http://www.springframework.org/schema/context"
	xmlns:mybatis-spring="http://mybatis.org/schema/mybatis-spring"
	xmlns:aop="http://www.springframework.org/schema/aop"
	xmlns:tx="http://www.springframework.org/schema/tx"
	xsi:schemaLocation="http://mybatis.org/schema/mybatis-spring http://mybatis.org/schema/mybatis-spring-1.2.xsd
		http://www.springframework.org/schema/beans https://www.springframework.org/schema/beans/spring-beans.xsd
		http://www.springframework.org/schema/context http://www.springframework.org/schema/context/spring-context-4.3.xsd
		http://www.springframework.org/schema/aop http://www.springframework.org/schema/aop/spring-aop-4.3.xsd
		http://www.springframework.org/schema/tx http://www.springframework.org/schema/tx/spring-tx-4.3.xsd">
		
	<!-- Root Context: defines shared resources visible to all other web components -->	
	<bean id="hikariConfig" class="com.zaxxer.hikari.HikariConfig">
		<!-- 
		<property name="driverClassName" value="oracle.jdbc.driver.OracleDriver"></property>
		<property name="jdbcUrl" value="jdbc:oracle:thin:@localhost:1521:orcl"></property>
		 -->
		 
		<property name="driverClassName" value="net.sf.log4jdbc.sql.jdbcapi.DriverSpy"></property>
		<property name="jdbcUrl" value="jdbc:log4jdbc:oracle:thin:@localhost:1521:orcl"></property>
		
		<property name="username" value="one"></property>
		<property name="password" value="one"></property>	
	</bean>
	
	<!-- HikariCP configuration -->
	<bean id="dataSource" class="com.zaxxer.hikari.HikariDataSource" destroy-method="close">
		<constructor-arg ref="hikariConfig" />
	</bean>	
	
	<!-- MyBatis 연동 -->
	<bean id="sqlSessionFactory" class="org.mybatis.spring.SqlSessionFactoryBean">
		<property name="dataSource" ref="dataSource"></property>
		<property name="configLocation" value="classpath:/mybatis-config.xml"></property>
		<property name="mapperLocations" value="classpath:/mapper/*.xml"></property>
	</bean>
	
	<!-- 이메일 연동 -->
    <!-- 이메일 인증 관련 빈 등록 -->
   <bean id="mailSender" class="org.springframework.mail.javamail.JavaMailSenderImpl">
      <property name="host" value="smtp.gmail.com"/> <!-- 메이서버 호스트 -->
      <property name="port" value="587"/> <!-- 메이서버 포트번호 -->
      <property name="username" value="fhefk00" />
      <property name="password" value="hqnnmszzvzogbwmy" />
      <property name="javaMailProperties">
         <props>
           	<prop key="mail.transport.protocol">smtp</prop>
           	<prop key="mail.smtp.auth">true</prop>
           	<!-- gmail의 경우 보안문제 업데이트로 인해 SSLSocketFactory를 추가해야 smtp 사용 가능. -->
            <prop key="mail.smtp.socketFactory.class">javax.net.ssl.SSLSocketFactory</prop>
            <prop key="mail.smtp.starttls.enable">true</prop>
            <prop key="mail.debug">true</prop>
            <prop key="mail.smtp.ssl.trust">smtp.gmail.com</prop>
			<prop key="mail.smtp.ssl.protocols">TLSv1.2</prop>
         </props>
      </property>
      
   </bean>
	
	
	
	<bean id="sqlSessionTemplate" class="org.mybatis.spring.SqlSessionTemplate">
		<constructor-arg index="0" ref="sqlSessionFactory"/>
		
	</bean>
	
	<!-- Page469 어노테이션 기반으로 트랜잭션을 설정할 수 있도록 tx:annotation-driven 태그를 등록합니다.-->
	<tx:annotation-driven/>
	
	<mybatis-spring:scan base-package="org.zerock.mapper"/>
	
	<context:component-scan base-package="org.zerock.repository"></context:component-scan>
	
	<context:component-scan base-package="org.zerock.service"></context:component-scan>
	
	<!-- Page455 root-context xml 파일에 다음의 소스를 추가해 줍니다(시작) -->
	<context:annotation-config></context:annotation-config>
	<!-- 아래의 component-scan 태그에 의해서 LogAdvice가 스프링의 빈(객체)로 등록됨 -->
	<context:component-scan base-package="org.zerock.aop"></context:component-scan>
	<!-- aop:aspectj-autoproxy 태그를 이용해서 LogAdvice에 설정한
	     @Before가 동작하게 됩니다. -->
	<aop:aspectj-autoproxy></aop:aspectj-autoproxy>
	<!-- Page455 root-context xml 파일에 다음의 소스를 추가해 줍니다(끝) -->	
		
</beans>
