<?xml version="1.0" encoding="UTF-8"?>
<!DOCTYPE mapper PUBLIC "-//mybatis.org//DTD Mapper 3.0//EN"
        "http://mybatis.org/dtd/mybatis-3-mapper.dtd">
        
<mapper namespace="Member">
	
	<!-- 회원가입 -->
	<insert id="save" parameterType="member">
		insert into member_table (memberNum, memberId, memberPassword, memberName, memberPwCk, memberEmail, memberAdress, adminCk)
		values(member_seq.nextval, #{memberId}, #{memberPassword}, #{memberName}, #{memberPwCk}, #{memberEmail}, #{memberAdress}, 0)
	</insert>
	
	<!-- 로그인  -->
	<select id="login" resultType="member" parameterType="member">
		select * from member_table where memberId = #{memberId}
		
		<!-- 밑에 한줄 위에코드로 바꾼이유 이유 : 비밀번호가 인코딩되어있기때문에, 로그인시 기존비밀번호를 입력하면 null을 반환하기때문 -->
		<!-- select * from member_table where memberId = #{memberId} and memberPassword = #{memberPassword} -->
	</select>
	
	<!-- 아이디 중복검사 -->
	<select id="idCheck" resultType="int">
		select count(*) from member_table where memberId = #{memberId}
	</select>
	
	<!-- 이메일 중복검사 -->
	<select id="emailCheck" resultType="int">
		select count(*) from member_table where memberEmail = #{memberEmail}
	</select>
	
	
	<!-- 멤버 목록 불러오기  -->
	<select id="memberList" resultType="member">
		select * from member_table 
	</select>
	
	
	<!-- 아이디 찾기-->
	<select id="findId" parameterType="String" resultType="String">
		select NVL(memberId, 0) from member_table where memberEmail = #{memberEmail}
	</select>
	
	
		
</mapper>