<?xml version="1.0" encoding="UTF-8" ?>
<!DOCTYPE mapper PUBLIC "-//mybatis.org//DTD Mapper 3.0//EN"
  "http://mybatis.org/dtd/mybatis-3-mapper.dtd">

<mapper namespace="org.zerock.mapper.Yea_BoardMapper">
	<!-- 게시판 등록   -->
	<insert id="enroll">
		insert into  error_board(bno, title, content, writer) values (error_seq_board.nextval, #{title}, #{content}, #{writer})
	</insert>
	
	<!-- 게시판 목록    -->
	<select id="getList" resultType="org.zerock.model.Yea_BoardVO">
		select * from error_board
	</select>
	
    <!-- 게시판 조회   --> 
    <select id="getPage" resultType="org.zerock.model.Yea_BoardVO">
        select * from error_board where bno = #{bno}
    </select>
    
    <!-- 게시판 수정   -->
    <update id="modify">
    	update error_board set title = #{title}, content =#{content}, updatedate = sysdate where bno = #{bno} 
    </update>
    
	<!-- 게시물 목록(페이징) -->
    <select id="getListPaging" resultType="org.zerock.model.Yea_BoardVO">
    <![CDATA[
        select bno, title, content, writer, regdate, updatedate from(
                select rownum as rn, bno, title, content, writer, regdate, updatedate
                from error_board where rownum <= #{pageNum} * #{amount} 
    ]]>
        <if test="keyword != null">
            and title like '%'||#{keyword}||'%'  
        </if>
    <![CDATA[
                )
        where rn > (#{pageNum} -1) * #{amount}
    ]]>    
    </select>

	<!-- 게시물 삭제   -->
	<delete id="delete">
		delete from error_board where bno = #{bno}
	</delete>


    <!-- 게시물 총 개숫 -->
    <select id="getTotal" resultType="int">
        select count(*) from error_board
        <if test="keyword != null">
    		where title like '%'||#{keyword}||'%'
        </if>
    </select>
 

</mapper>